email,name,password,date_add,phone,skype,other_messanger,city_id,popular,role
kbuttress0@1und1.de,Karrie Buttress,JcfoKBYAB4k,2019-08-10,7373737734,skype,other_messanger,23,45,1
baymer1@hp.com,Bob Aymer,ZEE54kg,2018-12-21,7373737734,skype,other_messanger,45,45,2
zboulding2@macromedia.com,Zilvia Boulding,VJyMV1Zat,2019-07-25,7373737734,skype,other_messanger,56,35,2
emollon3@bloglovin.com,Emalee Mollon,XUIeJ693h,2018-11-13,7373737734,skype,other_messanger,78,76,2
mmulberry4@cmu.edu,Maria Mulberry,oWspnl,2019-07-20,7373737734,skype,other_messanger,32,43,1
lby5@mozilla.com,Levey By,GdtcUU,2019-02-12,7373737734,skype,other_messanger,45,34,1
beates6@last.fm,Baron Eates,UQw6VeA,2019-05-03,7373737734,skype,other_messanger,89,45,2
tvink7@fotki.com,Trip Vink,49znXd7haFGz,2019-01-13,7373737734,skype,other_messanger,456,67,1
bterbeck8@about.me,Boonie Terbeck,unCjJTF7sjs,2019-09-15,7373737734,skype,other_messanger,34,456,1
atraviss9@auda.org.au,Alonzo Traviss,dLuVMAg,2018-12-19,7373737734,skype,other_messanger,545,476,2
nwitteringa@google.com.br,Natassia Wittering,tQlUG4n,2019-03-24,7373737734,skype,other_messanger,567,0,1
fbrookeb@nba.com,Felice Brooke,s9y9Mcfgy1g,2019-09-27,7373737734,skype,other_messanger,347,34,1
cviccaryc@amazon.co.uk,Carlen Viccary,9qd747vh,2018-12-06,7373737734,skype,other_messanger,345,345,1
hgethingsd@sogou.com,Hendrik Gethings,zzN5c4,2018-11-18,7373737734,skype,other_messanger,987,65,2
dgirodiase@stanford.edu,Dunc Girodias,j9QW6GQI,2018-10-14,7373737734,skype,other_messanger,254,345,1
btanmanf@smh.com.au,Bibbie Tanman,1aukKNEIneq,2019-05-03,7373737734,skype,other_messanger,582,23,2
bbartolettig@simplemachines.org,Barnabas Bartoletti,3chTNtqhoo,2018-12-25,7373737734,skype,other_messanger,659,434,1
nculliph@fc2.com,Nixie Cullip,2UdKIR2f,2019-04-07,7373737734,skype,other_messanger,372,45,2
mpimblotti@xing.com,Matilde Pimblott,nGZ8disdg,2019-07-18,7373737734,skype,other_messanger,658,2,2
askurrayj@un.org,Al Skurray,bL9tAf,2018-11-25,7373737734,skype,other_messanger,389,0,1
